{"cameraMode":{"drawMode":0,"name":"Shaded","section":"Shading Mode"},"sceneLighting":false,"audioPlay":false,"sceneViewState":{"showFog":true,"showMaterialUpdate":false,"showSkybox":false,"showFlares":true,"showImageEffects":true,"showParticleSystems":true},"in2DMode":false,"pivot":{"x":-3.956655502319336,"y":12.970977783203125,"z":31.00762367248535},"rotation":{"x":-0.041597798466682437,"y":0.9574816226959229,"z":-0.22216898202896119,"w":-0.17927485704421998},"size":0.5548497438430786,"orthographic":false}