{"cameraMode":{"drawMode":0,"name":"Shaded","section":"Shading Mode"},"sceneLighting":true,"audioPlay":false,"sceneViewState":{"showFog":true,"showMaterialUpdate":false,"showSkybox":true,"showFlares":true,"showImageEffects":true,"showParticleSystems":true},"in2DMode":false,"pivot":{"x":-22.185646057128908,"y":7.09768533706665,"z":-1.3299598693847657},"rotation":{"x":-0.022923944517970086,"y":0.9665093421936035,"z":-0.09307228773832321,"w":-0.23805837333202363},"size":38.30877685546875,"orthographic":false}