{"cameraMode":{"drawMode":0,"name":"Shaded","section":"Shading Mode"},"sceneLighting":false,"audioPlay":false,"sceneViewState":{"showFog":true,"showMaterialUpdate":false,"showSkybox":false,"showFlares":true,"showImageEffects":true,"showParticleSystems":true},"in2DMode":false,"pivot":{"x":-3.761699676513672,"y":13.191344261169434,"z":29.78299903869629},"rotation":{"x":-0.003759903134778142,"y":0.9948621988296509,"z":-0.09278986603021622,"w":-0.040314070880413058},"size":4.869390964508057,"orthographic":false}