{"cameraMode":{"drawMode":0,"name":"Shaded","section":"Shading Mode"},"sceneLighting":false,"audioPlay":false,"sceneViewState":{"showFog":true,"showMaterialUpdate":false,"showSkybox":false,"showFlares":true,"showImageEffects":true,"showParticleSystems":true},"in2DMode":false,"pivot":{"x":-3.0799999237060549,"y":13.945001602172852,"z":31.020000457763673},"rotation":{"x":0.004214935936033726,"y":-0.9858502149581909,"z":0.16567842662334443,"w":0.025147458538413049},"size":1.2195289134979249,"orthographic":false}