{"cameraMode":{"drawMode":0,"name":"Shaded","section":"Shading Mode"},"sceneLighting":false,"audioPlay":false,"sceneViewState":{"showFog":true,"showMaterialUpdate":false,"showSkybox":false,"showFlares":true,"showImageEffects":true,"showParticleSystems":true},"in2DMode":false,"pivot":{"x":11.84959888458252,"y":-2.993886709213257,"z":-0.06672191619873047},"rotation":{"x":-0.08859819918870926,"y":-0.5965421199798584,"z":0.06648940593004227,"w":-0.7949005961418152},"size":86.69048309326172,"orthographic":false}